,Players,GP,MIN,PTS,FGM,FGA,FG%,3PM,3PA,3P%,FTM,FTA,FT%,OREB,DREB,REB,AST,STL,BLK,TOV,EFF,Salaries
0,James Harden,78,36.8,36.1,10.8,24.5,44.2,4.8,13.2,36.8,9.7,11.0,87.9,0.8,5.8,6.6,7.5,2.0,0.7,5.0,33.1,"$30,421,854"
1,Paul George,77,36.9,28.0,9.2,21.0,43.8,3.8,9.8,38.6,5.9,7.0,83.9,1.4,6.8,8.2,4.1,2.2,0.4,2.7,27.4,"$30,560,700"
2,Giannis Antetokounmpo,72,32.8,27.7,10.0,17.3,57.8,0.7,2.8,25.6,6.9,9.5,72.9,2.2,10.3,12.5,5.9,1.3,1.5,3.7,35.3,"$24,157,303"
3,Joel Embiid,64,33.7,27.5,9.1,18.7,48.4,1.2,4.1,30.0,8.2,10.1,80.4,2.5,11.1,13.6,3.7,0.7,1.9,3.5,32.2,"$25,467,250"
4,Stephen Curry,69,33.8,27.3,9.2,19.4,47.2,5.1,11.7,43.7,3.8,4.2,91.6,0.7,4.7,5.3,5.2,1.3,0.4,2.8,26.1,"$37,457,154"
5,Kawhi Leonard,60,34.0,26.6,9.3,18.8,49.6,1.9,5.0,37.1,6.1,7.1,85.4,1.3,6.0,7.3,3.3,1.8,0.4,2.0,26.9,"$23,114,067"
6,Devin Booker,64,35.0,26.6,9.2,19.6,46.7,2.1,6.5,32.6,6.1,7.1,86.6,0.6,3.5,4.1,6.8,0.9,0.2,4.1,23.0,"$3,314,365"
7,Kevin Durant,78,34.6,26.0,9.2,17.7,52.1,1.8,5.0,35.3,5.7,6.5,88.5,0.4,5.9,6.4,5.9,0.7,1.1,2.9,27.9,"$30,000,000"
8,Damian Lillard,80,35.5,25.8,8.5,19.2,44.4,3.0,8.0,36.9,5.9,6.4,91.2,0.9,3.8,4.6,6.9,1.1,0.4,2.7,25.0,"$27,977,689"
9,Kemba Walker,82,34.9,25.6,8.9,20.5,43.4,3.2,8.9,35.6,4.6,5.5,84.4,0.6,3.8,4.4,5.9,1.2,0.4,2.6,22.5,"$12,000,000"
10,Bradley Beal,82,36.9,25.6,9.3,19.6,47.5,2.5,7.3,35.1,4.4,5.5,80.8,1.1,3.9,5.0,5.5,1.5,0.7,2.7,24.2,"$25,434,263"
11,Blake Griffin,75,35.0,24.5,8.3,17.9,46.2,2.5,7.0,36.2,5.5,7.3,75.3,1.3,6.2,7.5,5.4,0.7,0.4,3.4,23.7,"$32,088,932"
12,Karl-Anthony Towns,77,33.1,24.4,8.8,17.1,51.8,1.8,4.6,40.0,4.9,5.8,83.6,3.4,9.0,12.4,3.4,0.9,1.6,3.1,30.4,"$7,839,435"
13,Kyrie Irving,67,33.0,23.8,9.0,18.5,48.7,2.6,6.5,40.1,3.2,3.7,87.3,1.1,3.9,5.0,6.9,1.5,0.5,2.6,25.3,"$20,099,189"
14,Donovan Mitchell,77,33.7,23.8,8.6,19.9,43.2,2.4,6.7,36.2,4.1,5.1,80.6,0.8,3.3,4.1,4.2,1.4,0.4,2.8,18.7,"$3,111,480"
15,Zach LaVine,63,34.5,23.7,8.4,18.0,46.7,1.9,5.1,37.4,5.0,6.0,83.2,0.6,4.0,4.7,4.5,1.0,0.4,3.4,20.2,"$19,500,000"
16,Russell Westbrook,73,36.0,22.9,8.6,20.2,42.8,1.6,5.6,29.0,4.1,6.2,65.6,1.5,9.6,11.1,10.7,1.9,0.5,4.5,29.0,"$35,654,150"
17,Klay Thompson,78,34.0,21.5,8.4,18.0,46.7,3.1,7.7,40.2,1.7,2.0,81.6,0.5,3.4,3.8,2.4,1.1,0.6,1.5,18.0,"$18,988,725"
18,Julius Randle,73,30.6,21.4,7.8,14.9,52.4,0.9,2.7,34.4,4.9,6.7,73.1,2.2,6.5,8.7,3.1,0.7,0.6,2.8,22.8,"$8,641,000"
19,LaMarcus Aldridge,81,33.2,21.3,8.4,16.3,51.9,0.1,0.5,23.8,4.3,5.1,84.7,3.1,6.1,9.2,2.4,0.5,1.3,1.8,24.4,"$22,347,015"
20,DeMar DeRozan,77,34.9,21.2,8.2,17.1,48.1,0.1,0.6,15.6,4.8,5.7,83.0,0.7,5.3,6.0,6.2,1.1,0.5,2.6,22.6,"$27,739,975"
21,Luka Doncic,72,32.2,21.2,7.0,16.5,42.7,2.3,7.1,32.7,4.8,6.7,71.3,1.2,6.6,7.8,6.0,1.1,0.3,3.4,21.6,"$6,560,640"
22,Jrue Holiday,67,35.9,21.2,8.2,17.3,47.2,1.8,5.4,32.5,3.1,4.0,76.8,1.1,3.9,5.0,7.7,1.6,0.8,3.1,23.1,"$25,976,111"
23,D'Angelo Russell,81,30.2,21.1,8.1,18.7,43.4,2.9,7.8,36.9,2.0,2.5,78.0,0.7,3.2,3.9,7.0,1.2,0.2,3.1,19.2,"$7,019,698"
24,Mike Conley,70,33.5,21.1,7.0,16.0,43.8,2.2,6.1,36.4,4.9,5.8,84.5,0.6,2.8,3.4,6.4,1.3,0.3,1.9,20.8,"$30,521,115"
25,CJ McCollum,70,33.9,21.0,8.2,17.8,45.9,2.4,6.4,37.5,2.3,2.7,82.8,0.9,3.1,4.0,3.0,0.8,0.4,1.5,17.6,"$25,759,766"
26,Nikola Vucevic,80,31.4,20.8,8.8,16.9,51.8,1.1,2.9,36.4,2.2,2.8,78.9,2.8,9.2,12.0,3.8,1.0,1.1,2.0,28.0,"$12,750,000"
27,Buddy Hield,82,31.9,20.7,7.6,16.6,45.8,3.4,7.9,42.7,2.1,2.4,88.6,1.3,3.7,5.0,2.5,0.7,0.4,1.8,18.3,"$3,844,760"
28,Nikola Jokic,80,31.3,20.1,7.7,15.1,51.1,1.0,3.4,30.7,3.6,4.4,82.1,2.9,8.0,10.8,7.3,1.4,0.7,3.1,28.9,"$24,605,181"
29,Tobias Harris,82,34.7,20.0,7.5,15.3,48.7,1.9,4.8,39.7,3.2,3.7,86.6,0.8,7.0,7.9,2.8,0.6,0.5,1.8,21.6,"$14,800,000"
30,Lou Williams,75,26.6,20.0,6.5,15.2,42.5,1.4,3.9,36.1,5.7,6.5,87.6,0.5,2.4,3.0,5.4,0.8,0.1,2.4,17.3,"$8,000,000"
31,Danilo Gallinari,68,30.3,19.8,6.0,13.0,46.3,2.4,5.5,43.3,5.4,6.0,90.4,0.8,5.3,6.1,2.6,0.7,0.3,1.5,20.6,"$21,587,579"
32,John Collins,61,30.0,19.5,7.6,13.6,56.0,0.9,2.6,34.8,3.3,4.4,76.3,3.6,6.2,9.8,2.0,0.4,0.6,2.0,23.2,"$2,299,080"
33,Trae Young,81,30.9,19.1,6.5,15.5,41.8,1.9,6.0,32.4,4.2,5.1,82.9,0.8,2.9,3.7,8.1,0.9,0.2,3.8,18.3,"$5,356,440"
34,Jimmy Butler,65,33.6,18.7,6.4,13.9,46.2,1.0,3.0,34.7,4.8,5.6,85.5,1.9,3.4,5.3,4.0,1.9,0.6,1.5,20.7,"$20,445,779"
35,Kyle Kuzma,70,33.1,18.7,7.1,15.5,45.6,1.8,6.0,30.3,2.7,3.6,75.2,0.9,4.6,5.5,2.5,0.6,0.4,1.9,16.4,"$1,689,840"
36,Khris Middleton,77,31.1,18.3,6.6,14.9,44.1,2.3,6.2,37.8,2.8,3.4,83.7,0.6,5.3,6.0,4.3,1.0,0.1,2.3,18.5,"$13,000,000"
37,Jamal Murray,75,32.6,18.2,6.8,15.6,43.7,2.0,5.5,36.7,2.5,3.0,84.8,0.9,3.4,4.2,4.8,0.9,0.4,2.1,17.2,"$3,499,800"
38,Andrew Wiggins,73,34.8,18.1,6.8,16.6,41.2,1.6,4.8,33.9,2.8,4.1,69.9,1.1,3.7,4.8,2.5,1.0,0.7,1.9,14.2,"$25,467,250"
39,Tim Hardaway Jr.,65,31.6,18.1,6.0,15.3,39.3,2.5,7.3,34.0,3.6,4.2,84.1,0.5,2.9,3.4,2.4,0.8,0.1,1.6,13.3,"$19,200,127"
40,JJ Redick,76,31.3,18.1,5.9,13.5,44.0,3.2,8.0,39.7,3.0,3.4,89.4,0.3,2.2,2.4,2.7,0.4,0.2,1.3,14.6,"$12,250,000"
41,Bojan Bogdanovic,81,31.8,18.0,6.4,13.0,49.7,2.0,4.8,42.5,3.0,3.8,80.7,0.4,3.7,4.1,2.0,0.9,0.0,1.7,16.0,"$10,500,000"
42,Andre Drummond,79,33.5,17.3,7.1,13.3,53.3,0.1,0.5,13.2,3.1,5.2,59.0,5.4,10.2,15.6,1.4,1.7,1.7,2.2,27.3,"$25,434,263"
43,De'Aaron Fox,81,31.4,17.3,6.2,13.6,45.8,1.1,2.9,37.1,3.7,5.1,72.7,0.5,3.2,3.8,7.3,1.6,0.6,2.8,18.9,"$5,470,920"
44,Pascal Siakam,80,31.9,16.9,6.5,11.8,54.9,1.0,2.7,36.9,3.0,3.8,78.5,1.6,5.3,6.9,3.1,0.9,0.7,1.9,20.4,"$1,544,951"
45,Ben Simmons,79,34.2,16.9,6.8,12.2,56.3,0.0,0.1,0.0,3.3,5.4,60.0,2.2,6.6,8.8,7.7,1.4,0.8,3.5,24.7,"$6,434,520"
46,Jordan Clarkson,81,27.3,16.8,6.5,14.6,44.8,1.8,5.5,32.4,2.0,2.4,84.4,1.0,2.3,3.3,2.4,0.7,0.2,1.7,13.4,"$12,500,000"
47,Spencer Dinwiddie,68,28.1,16.8,5.4,12.2,44.2,1.8,5.4,33.5,4.2,5.2,80.6,0.4,2.1,2.4,4.6,0.6,0.3,2.2,14.6,"$1,656,092"
48,Collin Sexton,82,31.8,16.7,6.3,14.7,43.0,1.5,3.6,40.2,2.6,3.1,83.9,0.7,2.2,2.9,3.0,0.5,0.1,2.3,12.0,"$4,068,600"
49,Clint Capela,67,33.6,16.6,7.1,10.9,64.8,0.0,0.0,0.0,2.5,3.9,63.6,4.4,8.2,12.7,1.4,0.7,1.5,1.4,26.2,"$13,793,104"
50,Montrezl Harrell,82,26.3,16.6,6.7,10.8,61.5,0.0,0.2,17.6,3.2,5.0,64.3,2.2,4.3,6.5,2.0,0.9,1.3,1.6,19.7,"$6,000,000"
51,Josh Richardson,73,34.8,16.6,5.8,14.1,41.2,2.2,6.3,35.7,2.7,3.2,86.1,0.7,2.9,3.6,4.1,1.1,0.5,1.5,15.5,"$9,367,200"
52,Harrison Barnes,77,32.9,16.4,5.6,13.3,42.0,2.3,5.7,39.5,3.0,3.6,82.4,0.7,3.9,4.7,1.5,0.6,0.2,1.3,13.8,"$24,107,258"
53,Deandre Ayton,71,30.7,16.3,7.2,12.3,58.5,0.0,0.1,0.0,2.0,2.7,74.6,3.1,7.1,10.3,1.8,0.9,0.9,1.8,22.6,"$8,165,160"
54,Eric Gordon,68,31.7,16.2,5.6,13.8,40.9,3.2,8.8,36.0,1.8,2.2,78.3,0.3,1.9,2.2,1.9,0.6,0.4,1.3,11.3,"$13,500,375"
55,Aaron Gordon,78,33.8,16.0,6.0,13.4,44.9,1.6,4.4,34.9,2.4,3.2,73.1,1.7,5.7,7.4,3.7,0.7,0.7,2.1,18.2,"$21,590,909"
56,Eric Bledsoe,78,29.1,15.9,6.0,12.4,48.4,1.6,4.8,32.9,2.3,3.0,75.0,1.1,3.6,4.6,5.5,1.5,0.4,2.1,18.6,"$15,000,000"
57,Rudy Gobert,81,31.8,15.9,5.9,8.8,66.9,0.0,0.0,0.0,4.1,6.4,63.6,3.8,9.0,12.9,2.0,0.8,2.3,1.6,27.0,"$23,241,573"
58,Jayson Tatum,79,31.1,15.7,5.9,13.1,45.0,1.5,3.9,37.3,2.5,2.9,85.5,0.9,5.2,6.0,2.1,1.1,0.7,1.5,16.5,"$6,700,800"
59,Malcolm Brogdon,64,28.6,15.6,5.9,11.7,50.5,1.6,3.8,42.6,2.2,2.4,92.8,1.0,3.5,4.5,3.2,0.7,0.2,1.4,16.9,"$1,544,951"
60,Jusuf Nurkic,72,27.4,15.6,5.8,11.5,50.8,0.0,0.4,10.3,3.9,5.1,77.3,3.4,7.0,10.4,3.2,1.0,1.4,2.3,22.5,"$11,111,111"
61,Chris Paul,58,32.0,15.6,5.2,12.4,41.9,2.2,6.1,35.8,3.0,3.5,86.2,0.6,3.9,4.6,8.2,2.0,0.3,2.6,20.3,"$35,654,150"
62,Dennis Schroder,79,29.3,15.5,5.8,14.0,41.4,1.6,4.6,34.1,2.4,2.9,81.9,0.5,3.1,3.6,4.1,0.8,0.2,2.2,13.3,"$15,500,000"
63,Reggie Jackson,82,27.9,15.4,5.4,12.8,42.1,2.1,5.7,36.9,2.5,2.9,86.4,0.5,2.1,2.6,4.2,0.7,0.1,1.8,13.4,"$17,043,478"
64,Jeremy Lamb,79,28.5,15.3,5.5,12.4,44.0,1.5,4.2,34.8,2.9,3.3,88.8,0.8,4.7,5.5,2.2,1.1,0.4,1.0,16.2,"$7,488,372"
65,Kelly Oubre Jr.,69,28.0,15.2,5.4,12.2,44.5,1.6,4.9,32.0,2.7,3.5,77.5,1.0,3.7,4.7,1.2,1.2,0.9,1.5,14.1,"$3,208,630"
66,Evan Fournier,81,31.5,15.1,5.8,13.2,43.8,1.9,5.6,34.0,1.7,2.1,80.6,0.5,2.7,3.2,3.6,0.9,0.1,1.9,13.3,"$17,150,000"
67,Terrence Ross,81,26.5,15.1,5.4,12.7,42.8,2.7,7.0,38.3,1.6,1.8,87.5,0.3,3.1,3.5,1.7,0.9,0.4,1.1,12.9,"$10,500,000"
68,Dwyane Wade,72,26.2,15.0,5.8,13.3,43.3,1.2,3.6,33.0,2.3,3.2,70.8,1.0,3.0,4.0,4.2,0.8,0.5,2.3,13.7,"$1,512,601"
69,Serge Ibaka,74,27.2,15.0,6.3,11.9,52.9,0.7,2.3,29.0,1.8,2.4,76.3,2.1,6.0,8.1,1.3,0.4,1.4,1.5,18.6,"$21,666,667"
70,Marvin Bagley III,62,25.3,14.9,5.7,11.4,50.4,0.5,1.5,31.3,2.9,4.2,69.1,2.6,5.0,7.6,1.0,0.5,1.0,1.6,16.4,"$7,305,600"
71,Emmanuel Mudiay,59,27.2,14.8,5.6,12.5,44.6,1.2,3.6,32.9,2.4,3.2,77.4,0.6,2.8,3.3,3.9,0.7,0.3,2.4,13.0,"$4,294,480"
72,Jabari Parker,64,26.9,14.5,5.8,11.7,49.3,1.0,3.0,31.3,2.0,2.9,71.2,1.2,5.3,6.6,2.4,0.7,0.5,2.4,15.5,"$20,000,000"
73,Kyle Lowry,65,34.0,14.2,4.7,11.4,41.1,2.4,7.0,34.7,2.5,3.0,83.0,0.6,4.2,4.8,8.7,1.4,0.5,2.8,19.6,"$31,200,000"
74,Bogdan Bogdanovic,70,27.8,14.1,5.2,12.3,41.8,1.9,5.3,36.0,1.9,2.3,82.7,0.6,2.9,3.5,3.8,1.0,0.2,1.7,13.4,"$9,000,000"
75,Domantas Sabonis,74,24.8,14.1,5.6,9.5,59.0,0.1,0.2,52.9,2.8,3.9,71.5,2.5,6.8,9.3,2.9,0.6,0.4,2.2,20.2,"$2,659,800"
76,Marcus Morris,75,27.9,13.9,5.0,11.3,44.7,1.9,5.2,37.5,1.9,2.3,84.4,1.0,5.1,6.1,1.5,0.6,0.3,1.2,14.6,"$5,375,000"
77,Steven Adams,80,33.4,13.9,6.0,10.1,59.5,0.0,0.0,0.0,1.8,3.7,50.0,4.9,4.6,9.5,1.6,1.5,1.0,1.7,19.7,"$24,157,303"
78,Jaren Jackson Jr.,58,26.1,13.8,5.1,10.2,50.6,0.9,2.4,35.9,2.6,3.4,76.6,1.3,3.4,4.7,1.1,0.9,1.4,1.7,14.4,"$5,915,040"
79,Rudy Gay,69,26.7,13.7,5.4,10.8,50.4,1.1,2.7,40.2,1.7,2.1,81.6,0.9,5.9,6.8,2.6,0.8,0.5,1.7,17.0,"$10,087,200"
80,Joe Harris,76,30.2,13.7,4.9,9.8,50.0,2.4,5.1,47.4,1.4,1.8,82.7,0.7,3.1,3.8,2.4,0.5,0.2,1.6,13.8,"$8,333,333"
81,Enes Kanter,67,24.5,13.7,5.6,10.2,54.9,0.1,0.5,29.4,2.3,2.9,78.7,3.8,6.0,9.8,1.7,0.5,0.4,1.8,19.1,"$487,109"
82,Jerami Grant,80,32.7,13.6,5.1,10.3,49.7,1.4,3.7,39.2,2.0,2.8,71.0,1.2,4.0,5.2,1.0,0.8,1.3,0.8,15.0,"$8,653,847"
83,Al Horford,68,29.0,13.6,5.7,10.6,53.5,1.1,3.0,36.0,1.1,1.4,82.1,1.8,5.0,6.7,4.2,0.9,1.3,1.5,19.9,"$28,928,709"
84,Marc Gasol,79,30.8,13.6,4.9,11.0,44.8,1.3,3.5,36.3,2.4,3.2,75.9,1.0,6.9,7.9,4.4,1.1,1.1,2.0,19.3,"$24,119,025"
85,Myles Turner,74,28.6,13.3,5.1,10.5,48.7,1.0,2.6,38.8,2.0,2.7,73.6,1.4,5.8,7.2,1.6,0.8,2.7,1.4,18.1,"$3,410,284"
86,Cedi Osman,76,32.2,13.0,4.7,11.1,42.7,1.7,4.9,34.8,1.9,2.4,77.9,0.6,4.1,4.7,2.6,0.8,0.1,1.5,12.8,"$2,775,000"
87,Jaylen Brown,74,25.9,13.0,5.0,10.7,46.5,1.3,3.7,34.4,1.8,2.7,65.8,0.9,3.4,4.2,1.4,0.9,0.4,1.3,12.0,"$5,169,960"
88,Kevin Knox,75,28.8,12.8,4.5,12.2,37.0,1.7,4.9,34.3,2.2,3.0,71.7,0.8,3.7,4.5,1.1,0.6,0.3,1.5,9.2,"$3,739,920"
89,Ricky Rubio,68,27.9,12.7,4.3,10.7,40.4,1.2,3.7,31.1,2.9,3.4,85.5,0.5,3.1,3.6,6.1,1.3,0.1,2.6,14.4,"$14,975,000"
90,Thaddeus Young,81,30.7,12.6,5.5,10.4,52.7,0.6,1.8,34.9,1.1,1.7,64.4,2.4,4.1,6.5,2.5,1.5,0.4,1.5,16.6,"$13,964,045"
91,Paul Millsap,70,27.1,12.6,4.6,9.5,48.4,0.8,2.3,36.5,2.6,3.6,72.7,2.2,5.0,7.2,2.0,1.2,0.8,1.4,16.6,"$29,230,769"
92,Justise Winslow,66,29.7,12.6,4.9,11.3,43.3,1.5,3.9,37.5,1.3,2.1,62.8,1.0,4.4,5.4,4.3,1.1,0.3,2.2,14.2,"$3,448,926"
93,Trevor Ariza,69,34.0,12.5,4.3,10.7,39.9,2.1,6.3,33.4,1.9,2.4,79.3,0.7,4.7,5.4,3.7,1.3,0.3,1.5,14.7,"$15,000,000"
94,Brook Lopez,81,28.7,12.5,4.4,9.7,45.2,2.3,6.3,36.5,1.4,1.6,84.2,0.4,4.5,4.9,1.2,0.6,2.2,1.0,14.8,"$3,382,000"
95,Hassan Whiteside,72,23.3,12.3,5.4,9.4,57.1,0.0,0.2,12.5,1.5,3.4,44.9,3.6,7.8,11.3,0.8,0.6,1.9,1.3,19.7,"$25,434,262"
96,Jeff Green,77,27.2,12.3,4.2,8.9,47.5,1.4,4.2,34.7,2.4,2.7,88.8,0.7,3.3,4.0,1.8,0.6,0.5,1.3,12.8,"$1,512,601"
97,Wesley Matthews,69,30.3,12.2,4.0,10.1,40.0,2.2,5.8,37.2,1.9,2.4,81.0,0.5,2.0,2.5,2.3,0.8,0.2,1.3,10.1,"$512,746"
98,Joe Ingles,82,31.3,12.1,4.4,9.8,44.8,2.3,5.9,39.1,1.1,1.5,70.7,0.4,3.6,4.0,5.7,1.2,0.2,2.4,15.1,"$13,045,455"
99,JaVale McGee,75,22.3,12.0,5.3,8.5,62.4,0.0,0.2,8.3,1.3,2.0,63.2,2.6,4.9,7.5,0.7,0.6,2.0,1.4,17.4,"$1,512,601"
100,Willie Cauley-Stein,81,27.3,11.9,5.1,9.1,55.6,0.0,0.0,50.0,1.7,3.1,55.1,2.2,6.1,8.4,2.4,1.2,0.6,1.0,18.0,"$4,696,875"
101,Jae Crowder,80,27.1,11.9,4.0,10.0,39.9,2.2,6.5,33.1,1.8,2.5,72.1,0.8,4.1,4.8,1.7,0.8,0.4,1.1,11.8,"$7,305,825"
102,Derrick Favors,76,23.2,11.8,4.8,8.1,58.6,0.2,1.0,21.8,2.0,3.0,67.5,2.7,4.6,7.4,1.2,0.7,1.4,1.1,17.0,"$16,900,000"
103,Bryn Forbes,82,28.0,11.8,4.4,9.6,45.6,2.1,5.0,42.6,0.8,1.0,88.5,0.2,2.7,2.9,2.1,0.5,0.0,1.0,11.1,"$3,125,000"
104,D.J. Augustin,81,28.0,11.7,3.9,8.4,47.0,1.6,3.8,42.1,2.2,2.6,86.6,0.5,2.0,2.5,5.3,0.6,0.0,1.6,13.8,"$7,250,000"
105,Kent Bazemore,67,24.5,11.6,4.1,10.3,40.2,1.4,4.5,32.0,1.9,2.6,72.6,0.6,3.3,3.9,2.3,1.3,0.6,1.8,11.1,"$18,089,887"
106,Josh Jackson,79,25.2,11.5,4.4,10.6,41.3,0.9,2.8,32.4,1.8,2.7,67.1,0.8,3.6,4.4,2.3,0.9,0.7,2.2,10.5,"$6,041,520"
107,Gordon Hayward,72,25.9,11.5,4.1,8.8,46.6,1.1,3.2,33.3,2.2,2.6,83.4,0.7,3.8,4.5,3.4,0.9,0.3,1.5,13.9,"$31,214,295"
108,Kentavious Caldwell-Pope,82,24.8,11.4,4.0,9.2,43.0,1.8,5.3,34.7,1.7,1.9,86.7,0.6,2.3,2.9,1.3,0.9,0.2,0.8,10.4,"$12,000,000"
109,Malik Beasley,81,23.2,11.3,4.3,9.1,47.4,2.0,5.0,40.2,0.7,0.8,84.8,0.4,2.0,2.5,1.2,0.7,0.1,0.7,10.2,"$1,773,840"
110,Reggie Bullock,63,29.8,11.3,3.9,9.4,41.2,2.3,6.2,37.7,1.2,1.3,85.9,0.3,2.4,2.7,2.0,0.6,0.2,1.0,10.1,"$2,500,000"
111,Darren Collison,76,28.2,11.2,4.1,8.7,46.7,1.0,2.6,40.7,2.1,2.5,83.2,0.5,2.6,3.1,6.0,1.4,0.1,1.6,15.2,"$10,000,000"
112,Rodney Hood,72,26.3,11.2,4.1,9.3,43.5,1.2,3.3,35.6,1.9,2.2,88.4,0.3,1.8,2.2,1.8,0.8,0.2,0.8,9.8,"$3,472,887"
113,DeMarre Carroll,67,25.4,11.1,3.4,8.6,39.5,1.6,4.6,34.2,2.7,3.6,76.0,1.0,4.2,5.2,1.3,0.5,0.1,1.1,11.0,"$15,400,000"
114,Alex Len,77,20.1,11.1,4.2,8.4,49.4,1.0,2.6,36.3,1.8,2.8,64.8,2.1,3.5,5.5,1.1,0.4,0.9,1.3,12.5,"$4,350,000"
115,DeAndre Jordan,69,29.7,11.0,4.1,6.5,64.1,0.0,0.0,0.0,2.7,3.8,70.5,3.3,9.8,13.1,2.3,0.6,1.1,2.2,22.3,"$22,897,200"
116,Fred VanVleet,64,27.5,11.0,3.8,9.4,41.0,1.8,4.6,37.8,1.5,1.8,84.3,0.3,2.3,2.6,4.8,0.9,0.3,1.3,12.5,"$8,653,847"
117,Jarrett Allen,80,26.2,10.9,4.2,7.1,59.0,0.1,0.6,13.3,2.5,3.5,70.9,2.4,6.0,8.4,1.4,0.5,1.5,1.3,17.5,"$2,034,120"
118,Trey Burke,58,19.4,10.9,4.1,9.4,43.1,1.0,2.7,35.2,1.8,2.1,83.1,0.5,1.2,1.7,2.7,0.6,0.1,0.8,9.4,"$1,795,015"
119,Allonzo Trier,64,22.8,10.9,3.6,8.1,44.8,0.8,2.1,39.4,2.8,3.5,80.3,0.5,2.6,3.1,1.9,0.4,0.2,1.8,9.5,"$3,382,000"
120,Shai Gilgeous-Alexander,82,26.5,10.8,4.2,8.7,47.6,0.6,1.7,36.7,1.9,2.4,80.0,0.7,2.1,2.8,3.3,1.2,0.5,1.7,11.9,"$3,375,360"
121,Dewayne Dedmon,64,25.1,10.8,4.0,8.2,49.2,1.3,3.4,38.2,1.4,1.8,81.4,1.6,5.9,7.5,1.4,1.1,1.1,1.3,16.1,"$7,200,000"
122,Taj Gibson,70,24.1,10.8,4.3,7.7,56.6,0.2,0.5,32.4,1.9,2.5,75.7,2.5,4.1,6.5,1.2,0.8,0.6,1.0,14.8,"$14,000,000"
123,Damyean Dotson,73,27.5,10.7,4.0,9.6,41.5,1.7,4.7,36.8,1.0,1.3,74.5,0.5,3.1,3.6,1.8,0.8,0.1,1.0,10.1,"$1,378,242"
124,Dario Saric,81,25.0,10.6,3.8,8.6,43.7,1.5,4.0,36.5,1.6,1.9,88.0,1.6,4.1,5.6,1.6,0.6,0.1,1.2,12.2,"$2,526,840"
125,Dwight Powell,77,21.6,10.6,3.8,6.3,59.7,0.5,1.6,30.7,2.5,3.3,77.2,1.8,3.5,5.3,1.5,0.6,0.6,0.9,14.4,"$9,631,250"
126,Thomas Bryant,72,20.8,10.5,4.3,7.0,61.6,0.5,1.4,33.3,1.5,1.9,78.1,1.6,4.7,6.3,1.3,0.3,0.9,0.8,15.5,"$1,378,242"
127,Marco Belinelli,79,23.0,10.5,3.6,8.7,41.3,1.9,5.0,37.2,1.4,1.6,90.3,0.2,2.3,2.5,1.7,0.4,0.1,0.9,9.0,"$6,153,846"
128,Justin Holiday,82,31.8,10.5,3.7,9.5,38.6,2.0,5.7,34.8,1.2,1.3,89.6,0.6,3.4,3.9,1.8,1.5,0.4,1.3,10.9,"$4,384,616"
129,Monte Morris,82,24.0,10.4,4.2,8.6,49.3,1.1,2.8,41.4,0.8,1.0,80.2,0.4,1.9,2.4,3.6,0.9,0.0,0.6,12.1,"$1,349,383"
130,Danny Green,80,27.7,10.3,3.7,7.9,46.5,2.5,5.4,45.5,0.5,0.6,84.1,0.8,3.2,4.0,1.6,0.9,0.7,0.9,12.1,"$10,000,000"
131,Tyreke Evans,69,20.3,10.2,3.7,9.6,38.9,1.1,3.1,35.6,1.7,2.3,71.9,0.5,2.4,2.9,2.4,0.8,0.3,1.7,8.4,"$12,400,000"
132,Marvin Williams,75,28.4,10.1,3.7,8.7,42.2,1.9,5.1,36.6,0.9,1.1,76.7,1.0,4.4,5.4,1.2,0.9,0.8,0.6,12.6,"$14,087,500"
133,Kelly Olynyk,79,22.9,10.0,3.3,7.1,46.3,1.4,4.0,35.4,1.9,2.3,82.2,0.9,3.8,4.7,1.8,0.7,0.5,1.4,11.9,"$12,537,527"
134,Avery Bradley,63,30.2,9.9,3.9,9.7,40.8,1.4,3.9,35.1,0.7,0.8,86.0,0.7,2.1,2.8,2.4,0.7,0.3,1.4,8.8,"$12,000,000"
135,Derrick White,67,25.8,9.9,3.9,8.1,47.9,0.7,2.1,33.8,1.4,1.8,77.2,0.5,3.2,3.7,3.9,1.0,0.7,1.4,13.1,"$1,667,160"
136,Patty Mills,82,23.3,9.9,3.4,8.1,42.5,1.9,4.9,39.4,1.1,1.3,85.4,0.3,1.9,2.2,3.0,0.6,0.1,1.1,9.9,"$11,571,429"
137,Luke Kennard,63,22.8,9.7,3.6,8.3,43.8,1.7,4.3,39.4,0.8,1.0,83.6,0.2,2.7,2.9,1.8,0.4,0.2,0.9,9.3,"$3,275,280"
138,Kevin Huerter,75,27.3,9.7,3.7,8.8,41.9,1.8,4.7,38.5,0.5,0.7,73.2,0.8,2.5,3.3,2.9,0.9,0.3,1.5,10.3,"$2,250,960"
139,Nemanja Bjelica,77,23.2,9.6,3.7,7.7,47.9,1.3,3.3,40.1,0.9,1.2,76.1,1.6,4.1,5.8,1.9,0.7,0.7,1.1,13.4,"$6,500,000"
140,Jonathan Isaac,75,26.6,9.6,3.5,8.1,42.9,1.1,3.5,32.3,1.5,1.8,81.5,1.3,4.2,5.5,1.1,0.8,1.3,1.0,12.3,"$4,969,080"
141,Jeremy Lin,74,19.4,9.6,3.2,7.3,44.0,0.7,2.5,29.4,2.4,2.8,83.8,0.3,2.1,2.4,3.1,0.6,0.2,1.7,9.7,"$487,109"
142,Robin Lopez,74,21.7,9.5,4.1,7.2,56.8,0.1,0.4,22.6,1.2,1.7,72.4,1.9,2.0,3.9,1.2,0.1,1.1,1.3,10.9,"$14,357,750"
143,Markieff Morris,58,21.9,9.4,3.5,8.3,42.1,1.2,3.5,33.5,1.2,1.6,77.2,1.1,3.5,4.6,1.4,0.6,0.4,0.9,10.2,"$427,288"
144,JaMychal Green,65,21.1,9.4,3.5,7.3,48.3,1.1,2.7,40.3,1.2,1.6,79.2,1.6,4.7,6.3,0.8,0.7,0.5,1.3,12.2,"$7,666,667"
145,Al-Farouq Aminu,81,28.3,9.4,3.2,7.3,43.3,1.2,3.5,34.3,1.9,2.1,86.7,1.4,6.1,7.5,1.3,0.8,0.4,0.9,14.1,"$6,957,105"
146,Larry Nance Jr.,67,26.8,9.4,3.7,7.1,52.0,0.5,1.5,33.7,1.4,2.0,71.6,2.5,5.7,8.2,3.2,1.5,0.6,1.4,17.4,"$2,272,391"
147,Nicolas Batum,75,31.4,9.3,3.4,7.5,45.0,1.5,4.0,38.9,1.0,1.2,86.5,0.9,4.3,5.2,3.3,0.9,0.6,1.6,13.5,"$24,000,000"
148,Jalen Brunson,73,21.8,9.3,3.6,7.7,46.7,0.9,2.5,34.8,1.2,1.6,72.5,0.3,2.0,2.3,3.2,0.5,0.1,1.2,9.5,"$1,230,000"
149,Gerald Green,73,20.2,9.2,3.2,7.9,40.0,2.1,6.0,35.4,0.8,0.9,83.8,0.4,2.1,2.5,0.5,0.5,0.4,0.8,7.5,"$1,512,601"
150,Landry Shamet,79,22.8,9.1,3.0,7.1,43.1,2.1,5.0,42.2,0.9,1.2,80.6,0.3,1.4,1.7,1.5,0.5,0.1,0.6,8.1,"$1,703,649"
151,Terry Rozier,79,22.7,9.0,3.3,8.4,38.7,1.5,4.3,35.3,0.9,1.2,78.5,0.4,3.5,3.9,2.9,0.9,0.3,0.9,10.6,"$3,050,390"
152,Malik Monk,73,17.2,8.9,3.1,8.0,38.7,1.5,4.5,33.0,1.2,1.4,88.2,0.2,1.7,1.9,1.6,0.5,0.3,1.2,6.9,"$3,447,480"
153,Rondae Hollis-Jefferson,59,20.9,8.9,3.4,8.3,41.1,0.2,0.8,18.4,2.0,3.1,64.5,1.4,3.8,5.3,1.6,0.7,0.5,1.2,9.9,"$2,470,357"
154,Ivica Zubac,59,17.6,8.9,3.6,6.4,55.9,0.0,0.0,0.0,1.7,2.1,80.2,1.9,4.2,6.1,1.1,0.2,0.9,1.2,12.8,"$1,544,951"
155,Bam Adebayo,82,23.3,8.9,3.4,5.9,57.6,0.0,0.2,20.0,2.0,2.8,73.5,2.0,5.3,7.3,2.2,0.9,0.8,1.5,15.4,"$2,955,840"
156,Tomas Satoransky,80,27.1,8.9,3.2,6.6,48.5,0.8,2.0,39.5,1.6,2.0,81.9,1.0,2.5,3.5,5.0,1.0,0.2,1.5,13.3,"$3,129,187"
157,Marcus Smart,80,27.5,8.9,3.0,7.1,42.2,1.6,4.3,36.4,1.3,1.6,80.6,0.7,2.2,2.9,4.0,1.8,0.4,1.5,12.0,"$11,660,716"
158,Mario Hezonja,58,20.8,8.8,3.3,8.0,41.2,0.7,2.6,27.6,1.5,2.0,76.3,0.5,3.6,4.1,1.5,1.0,0.1,1.5,8.9,"$6,500,000"
159,Alec Burks,64,21.5,8.8,3.0,7.4,40.5,1.0,2.6,36.3,1.8,2.2,82.3,0.5,3.2,3.7,2.0,0.6,0.3,1.0,9.6,"$11,536,515"
160,Delon Wright,75,22.6,8.7,3.2,7.4,43.4,0.7,2.2,29.8,1.6,2.0,79.3,0.9,2.6,3.5,3.3,1.2,0.4,1.0,11.5,"$2,536,898"
161,Norman Powell,60,18.8,8.6,3.2,6.7,48.3,1.1,2.8,40.0,1.0,1.3,82.7,0.3,2.1,2.3,1.5,0.7,0.2,1.1,8.6,"$9,367,200"
162,Kyle Korver,70,19.1,8.6,2.9,6.9,41.6,2.0,5.0,39.7,0.9,1.0,82.2,0.1,2.2,2.3,1.2,0.4,0.2,0.8,7.5,"$7,560,000"
163,Trey Lyles,64,17.5,8.5,3.2,7.7,41.8,0.8,3.1,25.5,1.3,1.8,69.8,0.7,3.2,3.8,1.4,0.5,0.4,1.1,8.5,"$3,364,249"
164,Rodions Kurucs,63,20.5,8.5,3.2,7.1,45.0,0.9,2.9,31.5,1.1,1.5,78.3,0.9,3.0,3.9,0.8,0.7,0.4,1.2,8.8,"$1,618,320"
165,Langston Galloway,80,21.8,8.4,2.9,7.3,38.8,1.7,4.8,35.5,1.0,1.2,84.4,0.6,1.5,2.1,1.1,0.5,0.1,0.3,7.2,"$7,000,000"
166,Noah Vonleh,68,25.3,8.4,3.0,6.5,47.0,0.7,2.0,33.6,1.6,2.3,71.2,1.7,6.1,7.8,1.9,0.7,0.8,1.3,14.1,"$1,512,601"
167,DeAndre' Bembry,82,23.5,8.4,3.4,7.5,44.6,0.6,2.1,28.9,1.1,1.7,64.0,0.7,3.7,4.4,2.5,1.3,0.5,1.7,10.5,"$1,634,640"
168,Mikal Bridges,82,29.5,8.3,3.0,6.9,43.0,1.3,3.8,33.5,1.2,1.4,80.5,0.7,2.5,3.2,2.1,1.6,0.5,0.9,10.7,"$3,552,960"
169,Darius Miller,69,25.5,8.2,2.7,7.0,39.0,1.9,5.3,36.5,0.8,1.0,78.9,0.2,1.7,1.9,2.1,0.6,0.3,0.9,7.8,"$2,205,000"
170,Jahlil Okafor,59,15.8,8.2,3.6,6.1,58.6,0.0,0.1,20.0,1.0,1.5,66.3,1.4,3.3,4.7,0.7,0.3,0.7,0.9,10.6,"$1,567,707"
171,Richaun Holmes,70,16.9,8.2,3.2,5.2,60.8,0.0,0.0,0.0,1.8,2.5,73.1,1.6,3.1,4.7,0.9,0.6,1.1,0.7,12.0,"$1,600,520"
172,Austin Rivers,76,26.7,8.1,3.1,7.5,40.6,1.4,4.3,31.8,0.7,1.3,52.6,0.3,1.8,2.1,2.2,0.6,0.3,0.9,7.4,"$922,943"
173,Frank Jackson,61,19.2,8.1,3.2,7.3,43.4,0.9,2.8,31.4,0.9,1.2,74.0,0.4,1.8,2.2,1.1,0.4,0.0,0.8,6.6,"$1,378,242"
174,Davis Bertans,76,21.5,8.0,2.7,6.0,45.0,1.9,4.4,42.9,0.7,0.8,88.3,0.3,3.2,3.5,1.3,0.5,0.4,0.6,9.7,"$7,000,000"
175,Jamal Crawford,64,18.9,7.9,2.7,6.8,39.7,1.0,3.2,33.2,1.5,1.7,84.5,0.1,1.2,1.3,3.6,0.5,0.2,1.5,7.6,"$1,512,601"
176,Seth Curry,74,18.9,7.9,2.9,6.3,45.6,1.5,3.4,45.0,0.6,0.7,84.6,0.4,1.3,1.6,0.9,0.5,0.2,0.8,6.7,"$2,795,000"
177,Josh Hart,67,25.6,7.8,2.8,6.9,40.7,1.4,4.1,33.6,0.8,1.2,68.8,0.5,3.2,3.7,1.4,1.0,0.6,0.9,9.1,"$1,655,160"
178,Garrett Temple,75,27.2,7.8,2.8,6.6,42.2,1.2,3.5,34.1,1.1,1.4,74.8,0.4,2.5,2.9,1.4,1.0,0.4,0.9,8.4,"$8,000,000"
179,Ante Zizic,59,18.3,7.8,3.1,5.6,55.3,0.0,0.0,0.0,1.6,2.2,70.5,1.8,3.6,5.4,0.9,0.2,0.4,1.0,10.5,"$1,952,760"
180,Mason Plumlee,82,21.1,7.8,3.2,5.4,59.3,0.0,0.1,20.0,1.4,2.4,56.1,2.0,4.4,6.4,3.0,0.8,0.9,1.5,14.1,"$12,917,808"
181,Josh Okogie,74,23.7,7.7,2.6,6.9,38.6,0.8,2.9,27.9,1.6,2.2,72.8,0.6,2.4,2.9,1.2,1.2,0.4,0.9,7.9,"$2,160,720"
182,Maurice Harkless,60,23.6,7.7,3.2,6.5,48.7,0.6,2.0,27.5,0.8,1.2,67.1,1.3,3.2,4.5,1.2,1.1,0.9,0.8,10.9,"$10,837,079"
183,Patrick Beverley,78,27.4,7.6,2.5,6.1,40.7,1.4,3.6,39.7,1.2,1.6,78.0,1.0,4.0,5.0,3.8,0.9,0.6,1.1,12.8,"$5,027,028"
184,George Hill,60,21.7,7.6,2.8,6.3,45.2,0.8,2.6,31.4,1.2,1.4,82.4,0.7,1.8,2.5,2.3,0.9,0.1,0.9,8.8,"$19,000,000"
185,Rodney McGruder,66,23.5,7.6,2.8,7.0,40.3,1.2,3.4,35.1,0.8,1.1,72.2,0.9,2.7,3.6,1.7,0.5,0.2,1.0,8.2,"$1,544,951"
186,Jake Layman,71,18.7,7.6,3.0,6.0,50.9,0.8,2.5,32.6,0.7,1.0,70.4,0.8,2.3,3.1,0.7,0.4,0.4,0.6,8.4,"$1,544,951"
187,Dorian Finney-Smith,81,24.5,7.5,2.8,6.5,43.2,1.0,3.1,31.1,0.9,1.3,70.9,1.7,3.1,4.8,1.2,0.9,0.4,0.9,9.8,"$1,544,951"
188,Iman Shumpert,62,23.9,7.5,2.7,7.2,37.4,1.5,4.4,34.8,0.6,0.7,80.0,0.4,2.5,3.0,1.8,1.0,0.4,0.8,8.1,"$11,011,234"
189,Miles Bridges,80,21.2,7.5,3.0,6.4,46.4,0.8,2.5,32.5,0.7,1.0,75.3,0.8,3.2,4.0,1.2,0.7,0.6,0.6,9.7,"$3,206,640"
190,Vince Carter,76,17.5,7.4,2.6,6.2,41.9,1.6,4.2,38.9,0.6,0.9,71.2,0.4,2.1,2.6,1.1,0.6,0.4,0.6,7.6,"$1,512,601"
191,Draymond Green,66,31.3,7.4,2.8,6.4,44.5,0.7,2.5,28.5,1.0,1.4,69.2,0.9,6.4,7.3,6.9,1.4,1.1,2.6,17.5,"$17,469,565"
192,Mitchell Robinson,66,20.6,7.3,3.1,4.4,69.4,0.0,0.0,0.0,1.2,2.0,60.0,2.7,3.7,6.4,0.6,0.8,2.4,0.5,14.8,"$1,485,440"
193,PJ Tucker,82,34.2,7.3,2.5,6.4,39.6,1.8,4.7,37.7,0.5,0.7,69.5,1.5,4.4,5.8,1.2,1.6,0.5,0.8,11.6
194,Doug McDermott,77,17.4,7.3,2.7,5.5,49.1,1.1,2.7,40.8,0.9,1.0,83.5,0.2,1.2,1.4,0.9,0.2,0.1,0.5,6.4,"$7,333,333"
195,Boban Marjanovic,58,11.7,7.3,2.8,4.5,61.5,0.1,0.2,40.0,1.7,2.3,74.8,1.5,3.1,4.6,0.9,0.3,0.5,1.0,10.2,"$7,000,000"
196,Willy Hernangomez,58,14.0,7.3,2.6,5.1,51.9,0.3,0.7,38.5,1.7,2.5,69.4,2.0,3.3,5.4,1.0,0.3,0.3,1.0,10.1,"$1,544,951"
197,Lance Stephenson,68,16.5,7.2,2.7,6.4,42.6,1.1,2.9,37.1,0.7,1.1,68.5,0.5,2.7,3.2,2.1,0.6,0.1,1.3,7.9,"$4,449,000"
198,Justin Jackson,81,19.9,7.2,2.7,6.0,44.7,1.1,3.0,35.5,0.8,1.0,78.5,0.5,2.1,2.6,1.2,0.4,0.2,0.4,7.7,"$2,807,880"
199,Harry Giles III,58,14.1,7.0,3.0,6.0,50.3,0.0,0.1,0.0,1.0,1.6,63.7,1.1,2.7,3.8,1.5,0.5,0.4,1.3,8.4,"$2,207,040"
200,Derrick Jones Jr.,60,19.2,7.0,2.7,5.4,49.4,0.5,1.5,30.8,1.2,2.0,60.7,1.6,2.4,4.0,0.6,0.8,0.7,0.7,8.9,"$1,512,601"
201,Mike Muscala,64,20.4,7.0,2.3,5.6,40.2,1.4,4.0,34.8,1.1,1.3,82.4,0.9,2.9,3.8,1.2,0.3,0.6,0.8,8.6,"$5,000,000"
202,OG Anunoby,67,20.2,7.0,2.7,6.0,45.3,1.0,3.0,33.2,0.5,0.9,58.1,0.9,2.1,2.9,0.7,0.7,0.3,0.8,7.1,"$2,034,120"
203,Terrance Ferguson,74,26.1,6.9,2.5,5.8,42.9,1.4,3.9,36.6,0.5,0.7,72.5,0.4,1.5,1.9,1.0,0.5,0.2,0.6,6.4,"$2,118,840"
204,Pat Connaughton,61,20.7,6.9,2.7,5.7,46.6,1.1,3.3,33.0,0.5,0.7,72.5,1.0,3.2,4.2,2.0,0.5,0.4,0.5,10.3,"$1,641,000"
205,Tyus Jones,68,22.9,6.9,2.7,6.6,41.5,0.6,1.9,31.7,0.9,1.0,84.1,0.3,1.6,2.0,4.8,1.2,0.1,0.7,10.2,"$2,444,053"
206,Stanley Johnson,66,18.3,6.9,2.6,6.7,38.9,0.9,3.3,28.8,0.8,1.0,78.1,0.5,2.8,3.3,1.3,0.9,0.2,1.2,7.1,"$3,940,402"
207,Quinn Cook,74,14.3,6.9,2.8,5.9,46.5,1.1,2.7,40.5,0.3,0.4,76.9,0.3,1.8,2.1,1.6,0.3,0.0,0.7,6.9,"$1,544,951"
208,Wayne Selden,75,19.2,6.9,2.6,6.4,40.6,0.7,2.3,31.6,0.9,1.2,72.8,0.5,1.9,2.4,1.5,0.4,0.2,1.1,6.1,"$1,544,951"
209,Maxi Kleber,71,21.2,6.8,2.5,5.4,45.3,1.1,3.1,35.3,0.8,1.0,78.4,1.3,3.4,4.6,1.0,0.5,1.1,0.8,10.1,"$1,378,242"
210,Evan Turner,73,22.0,6.8,2.8,6.1,46.0,0.2,0.7,21.2,1.0,1.5,70.8,0.5,4.0,4.5,3.9,0.5,0.2,1.6,10.6,"$17,868,853"
211,Ersan Ilyasova,67,18.4,6.8,2.5,5.7,43.8,0.9,2.4,36.3,0.9,1.1,82.4,1.4,3.1,4.5,0.8,0.5,0.3,0.7,8.7,"$7,000,000"
212,Ryan Arcidiacono,81,24.2,6.7,2.3,5.2,44.7,1.0,2.7,37.3,1.1,1.3,87.3,0.3,2.4,2.7,3.3,0.8,0.0,0.8,9.8,"$1,349,383"
213,James Ennis III,58,21.2,6.7,2.4,5.1,46.9,0.9,2.7,35.3,1.0,1.4,71.6,1.0,2.1,3.1,0.7,0.7,0.4,0.6,8.0,"$1,621,415"
214,Ian Clark,60,16.2,6.7,2.5,6.4,39.4,1.1,3.4,32.7,0.6,0.6,89.2,0.2,1.3,1.5,1.6,0.4,0.1,1.0,5.3,"$1,512,601"
215,Michael Kidd-Gilchrist,64,18.4,6.7,2.5,5.2,47.6,0.3,0.7,34.0,1.5,1.9,77.2,1.4,2.5,3.8,1.0,0.5,0.6,0.7,8.8,"$13,000,000"
216,Zach Collins,77,17.6,6.6,2.5,5.2,47.3,0.5,1.6,33.1,1.2,1.6,74.6,1.4,2.8,4.2,0.9,0.3,0.9,1.0,8.8,"$3,628,920"
217,Cory Joseph,82,25.2,6.5,2.8,6.7,41.2,0.7,2.1,32.2,0.4,0.5,69.8,0.5,2.9,3.4,3.9,1.1,0.3,1.0,10.2,"$7,945,000"
218,Shaquille Harrison,73,19.6,6.5,2.5,5.8,43.2,0.3,1.2,27.0,1.1,1.7,66.7,0.5,2.6,3.0,1.9,1.2,0.4,0.8,8.4,"$1,311,265"
219,Sterling Brown,58,17.8,6.4,2.5,5.4,46.5,0.9,2.5,36.1,0.5,0.7,69.0,0.5,2.7,3.2,1.4,0.4,0.1,0.8,7.7,"$1,378,242"
220,Gorgui Dieng,76,13.6,6.4,2.5,5.0,50.1,0.3,0.7,33.9,1.2,1.4,83.0,1.1,3.0,4.1,0.9,0.6,0.5,0.8,9.1,"$15,170,787"
221,T.J. McConnell,76,19.3,6.4,2.9,5.5,52.5,0.2,0.6,33.3,0.4,0.5,78.4,0.4,1.9,2.3,3.4,1.0,0.2,1.2,9.4,"$1,600,520"
222,Devin Harris,68,15.8,6.3,1.9,5.1,38.0,0.9,2.9,31.0,1.5,2.0,76.1,0.2,1.5,1.6,1.8,0.5,0.2,0.8,6.0,"$1,512,601"
223,Jonas Jerebko,73,16.7,6.3,2.2,4.9,45.9,0.9,2.6,36.7,0.9,1.1,80.0,1.0,3.0,3.9,1.3,0.4,0.2,0.6,8.7,"$1,512,601"
224,Kevon Looney,80,18.5,6.3,2.7,4.3,62.5,0.0,0.1,10.0,0.8,1.3,61.9,2.4,2.8,5.2,1.5,0.6,0.7,0.6,11.5,"$1,512,601"
225,Cheick Diallo,64,14.0,6.0,2.6,4.2,62.0,0.0,0.1,25.0,0.8,1.0,74.6,1.2,4.0,5.2,0.5,0.5,0.5,0.8,10.1,"$1,544,951"
226,Tony Snell,74,17.6,6.0,2.2,4.9,45.2,1.1,2.8,39.7,0.5,0.6,88.1,0.4,1.7,2.1,0.9,0.4,0.2,0.3,6.6,"$10,807,143"
227,Yogi Ferrell,71,15.0,5.9,2.2,5.0,43.5,0.8,2.1,36.2,0.8,0.9,89.6,0.2,1.4,1.5,1.9,0.5,0.1,0.6,6.5,"$3,000,000"
228,Nik Stauskas,68,14.9,5.9,2.0,5.0,40.2,1.0,2.8,37.2,0.8,0.9,89.1,0.3,1.6,1.9,1.2,0.3,0.1,0.8,5.5,"$504,200"
229,Meyers Leonard,61,14.4,5.9,2.2,4.0,54.5,0.8,1.8,45.0,0.7,0.8,84.3,0.8,3.0,3.8,1.2,0.2,0.1,0.7,8.6,"$10,595,506"
230,Juancho Hernangomez,70,19.4,5.8,2.0,4.5,43.9,0.9,2.6,36.5,0.9,1.2,76.7,0.9,2.9,3.8,0.8,0.4,0.3,0.5,7.8
231,Ed Davis,81,17.9,5.8,2.3,3.7,61.6,0.0,0.0,0.0,1.2,2.0,61.7,2.7,5.9,8.6,0.8,0.4,0.4,0.8,13.0,"$4,449,000"
232,Mike Scott,79,17.7,5.8,2.1,5.3,40.0,1.3,3.2,40.1,0.3,0.4,66.7,0.5,2.9,3.5,0.8,0.3,0.2,0.6,6.7,"$4,320,500"
233,Torrey Craig,75,20.0,5.7,2.1,4.8,44.2,0.8,2.5,32.4,0.7,0.9,70.0,1.2,2.3,3.5,1.0,0.5,0.6,0.6,7.7,"$2,000,000"
234,Andre Iguodala,68,23.2,5.7,2.2,4.4,50.0,0.7,2.1,33.3,0.6,1.0,58.2,0.7,3.0,3.7,3.2,0.9,0.8,0.8,10.9,"$16,000,000"
235,Daniel Theis,66,13.8,5.7,2.2,4.0,54.9,0.4,1.0,38.8,0.8,1.2,73.7,1.3,2.1,3.4,1.0,0.3,0.6,0.5,8.4,"$1,378,242"
236,Jakob Poeltl,77,16.5,5.5,2.4,3.8,64.5,0.0,0.0,0.0,0.6,1.2,53.3,2.3,3.0,5.3,1.2,0.4,0.9,0.6,10.8,"$2,947,320"
237,Tim Frazier,59,19.0,5.3,2.0,4.4,44.4,0.6,1.7,36.6,0.7,0.9,75.9,0.7,2.2,2.8,4.2,0.5,0.1,1.3,8.9,"$196,553"
238,Royce O'Neale,82,20.4,5.2,2.0,4.2,47.5,0.8,2.1,38.6,0.4,0.5,76.2,0.3,3.2,3.5,1.5,0.7,0.3,0.9,8.0,"$1,378,242"
239,Thon Maker,64,15.2,5.0,1.7,4.2,40.7,0.8,2.4,32.0,0.9,1.3,66.7,0.6,2.5,3.2,0.7,0.3,0.8,0.5,6.6,"$2,799,720"
240,Anthony Tolliver,65,16.6,5.0,1.5,4.0,38.2,1.2,3.3,37.7,0.7,0.9,78.3,0.2,2.5,2.7,0.7,0.3,0.3,0.6,5.8,"$4,750,000"
241,Wes Iwundu,68,18.1,5.0,1.7,4.0,41.2,0.4,1.2,36.7,1.2,1.5,81.6,0.5,2.2,2.7,1.1,0.4,0.3,0.6,6.2,"$1,378,242"
242,Nerlens Noel,77,13.7,4.9,2.1,3.6,58.7,0.0,0.0,0.0,0.7,1.0,68.4,1.6,2.6,4.2,0.6,0.9,1.2,0.6,9.4,"$1,757,429"
243,Jared Dudley,59,20.7,4.9,1.7,4.1,42.3,0.9,2.6,35.1,0.5,0.8,69.6,0.6,2.1,2.6,1.4,0.6,0.3,0.7,6.5,"$9,530,000"
244,Alfonzo McKinnie,72,13.9,4.7,1.9,3.8,48.7,0.6,1.6,35.6,0.4,0.7,56.3,1.1,2.3,3.4,0.4,0.3,0.2,0.4,6.3,"$1,349,383"
245,Bruce Brown,74,19.6,4.3,1.7,4.2,39.8,0.3,1.3,25.8,0.6,0.8,75.0,0.6,1.9,2.5,1.2,0.5,0.5,0.6,5.7,"$838,464"
246,Jerian Grant,60,15.7,4.2,1.5,3.7,41.8,0.7,1.8,36.4,0.4,0.7,65.0,0.3,1.3,1.6,2.6,0.7,0.1,0.9,6.0,"$2,639,314"
247,Shaun Livingston,64,15.1,4.0,1.7,3.3,51.9,0.0,0.0,0.0,0.6,0.8,78.4,0.7,1.2,1.8,1.8,0.5,0.4,0.6,6.2,"$8,307,692"
248,Cristiano Felicio,60,12.4,4.0,1.6,3.0,53.1,0.0,0.1,0.0,0.8,1.2,68.5,1.3,2.3,3.6,0.6,0.2,0.1,0.6,6.2,"$8,740,980"
249,Georges Niang,59,8.7,4.0,1.5,3.1,47.5,0.7,1.8,41.0,0.3,0.4,83.3,0.2,1.3,1.5,0.6,0.2,0.1,0.4,4.3,"$1,512,601"
250,Abdel Nader,61,11.4,4.0,1.5,3.5,42.3,0.5,1.6,32.0,0.4,0.6,75.0,0.2,1.7,1.9,0.3,0.3,0.2,0.4,4.1,"$1,378,242"
251,Zaza Pachulia,68,12.9,3.9,1.3,2.8,44.0,0.0,0.1,0.0,1.4,1.8,78.2,1.5,2.4,3.9,1.3,0.5,0.3,0.8,7.0,"$1,512,601"
252,TJ Leaf,58,9.0,3.9,1.7,3.2,54.1,0.1,0.5,25.8,0.3,0.5,61.3,0.7,1.4,2.2,0.4,0.2,0.3,0.2,5.1
253,Patrick Patterson,63,13.7,3.6,1.3,3.5,37.4,0.7,2.2,33.6,0.3,0.5,63.3,0.7,1.7,2.3,0.5,0.3,0.2,0.3,4.2,"$5,451,600"
254,Tyrone Wallace,62,10.1,3.5,1.5,3.5,42.4,0.1,0.3,21.1,0.5,0.9,52.6,0.3,1.3,1.6,0.7,0.3,0.1,0.6,3.2,"$1,349,383"
255,Jordan Bell,68,11.6,3.3,1.5,2.8,51.6,0.0,0.0,0.0,0.4,0.6,61.0,0.8,1.9,2.7,1.1,0.3,0.8,0.6,5.9,"$1,378,242"
256,Dante Cunningham,64,14.5,3.0,1.2,2.5,47.5,0.5,1.0,46.2,0.2,0.3,77.8,0.8,2.2,2.9,0.8,0.4,0.2,0.3,5.7,"$2,487,000"
257,Sindarius Thornwell,64,4.9,1.0,0.3,0.8,34.7,0.0,0.2,20.0,0.4,0.5,73.5,0.1,0.6,0.7,0.3,0.2,0.1,0.3,1.3,"$1,378,242"
